ID;Título;Entidade;Status;Última atualização;Data de abertura;Prioridade;Tempo para solução;Equipamento;Unidade;Setor
11 946;CHAMADO MONITORAMENTO;Monitoramento;Solucionado;10/09/2026 07:46;09/09/2026 06:11;Média;1 days 01:35:00;SPEED;UBS;SAUDE
11 940;CHAMADO MONITORAMENTO;Saúde;Novo;10/09/2026 07:44;08/09/2026 11:48;Média;NAO SOLUCIONADO;CAMERA;AMBULATORIO;SAUDE
11 955;CHAMADO MONITORAMENTO;Monitoramento;Solucionado;10/09/2026 07:44;09/09/2026 12:38;Média;0 days 19:06:00;CAMERA;ESCOLA;EDUCACAO
11 952;CHAMADO MONITORAMENTO;Monitoramento;Solucionado;10/09/2026 07:43;09/09/2026 09:35;Alta;0 days 22:08:00;NVR;ESCOLA;EDUCACAO
11 951;CHAMADO MONITORAMENTO;Monitoramento;Solucionado;10/09/2026 07:43;09/09/2026 08:36;Alta;0 days 23:07:00;DVR;UBS;SAUDE
11 950;CHAMADO MONITORAMENTO;Monitoramento;Solucionado;10/09/2026 07:41;09/09/2026 08:35;Alta;0 days 23:06:00;DVR;UBS;SAUDE
11 949;CHAMADO MONITORAMENTO;Monitoramento;Solucionado;10/09/2026 07:40;09/09/2026 08:33;Alta;0 days 23:07:00;NVR;SAAE;SANEAMENTO
11 948;CHAMADO MONITORAMENTO;Monitoramento;Solucionado;10/09/2026 07:40;09/09/2026 08:28;Alta;0 days 23:12:00;DVR;ESCOLA;EDUCACAO
11 947;CHAMADO MONITORAMENTO;Monitoramento;Solucionado;10/09/2026 07:39;09/09/2026 08:18;Alta;0 days 23:21:00;DVRNVRCAMERAALARME;SAAE;SANEAMENTO
11 944;CHAMADO MONITORAMENTO;Monitoramento;Solucionado;10/09/2026 07:36;08/09/2026 23:46;Média;1 days 07:50:00;OUTROS;UBS;SAUDE
11 941;CHAMADO MONITORAMENTO;Monitoramento;Solucionado;10/09/2026 07:36;08/09/2026 11:56;Média;1 days 19:40:00;DVR;UBS;SAUDE
11 958;CHAMADO MONITORAMENTO;Monitoramento;Novo;09/09/2026 23:43;09/09/2026 23:43;Média;NAO SOLUCIONADO;OUTROS;SAAE;SANEAMENTO
11 932;CHAMADO MONITORAMENTO;Monitoramento;Solucionado;08/09/2026 09:48;07/09/2026 11:38;Média;0 days 22:10:00;CAMERA;NAO IDENTIFICADO;NAO IDENTIFICADO
11 927;CHAMADO MONITORAMENTO;Monitoramento;Solucionado;08/09/2026 09:33;06/09/2026 22:51;Média;1 days 10:42:00;CAMERA;NAO IDENTIFICADO;NAO IDENTIFICADO
11 908;CHAMADO MONITORAMENTO;Saúde;Novo;08/09/2026 07:54;03/09/2026 11:39;Média;NAO SOLUCIONADO;CAMERA;AMBULATORIO;SAUDE
11 938;CHAMADO MONITORAMENTO;Monitoramento;Solucionado;08/09/2026 07:54;08/09/2026 07:28;Média;0 days 00:26:00;OUTROS;NAO IDENTIFICADO;NAO IDENTIFICADO
11 937;CHAMADO MONITORAMENTO;Monitoramento;Solucionado;08/09/2026 07:54;08/09/2026 07:27;Média;0 days 00:27:00;OUTROS;NAO IDENTIFICADO;NAO IDENTIFICADO
11 934;CHAMADO MONITORAMENTO;Monitoramento;Solucionado;08/09/2026 07:54;07/09/2026 17:52;Média;0 days 14:02:00;CAMERA;SAAE;SANEAMENTO
11 931;CHAMADO MONITORAMENTO;Monitoramento;Solucionado;08/09/2026 07:52;07/09/2026 11:37;Média;0 days 20:15:00;OUTROS;UBS;SAUDE
11 900;CHAMADO MONITORAMENTO;Monitoramento;Solucionado;08/09/2026 07:47;02/09/2026 08:33;Média;5 days 23:14:00;OUTROS;UBS;SAUDE
11 924;CHAMADO MONITORAMENTO;Monitoramento;Solucionado;08/09/2026 07:32;06/09/2026 11:48;Média;1 days 19:44:00;DVR;SAAE;SANEAMENTO
11 916;CHAMADO MONITORAMENTO;Monitoramento;Solucionado;08/09/2026 07:29;04/09/2026 23:50;Média;3 days 07:39:00;OUTROS;UBS;SAUDE
11 914;CHAMADO MONITORAMENTO;Monitoramento;Solucionado;08/09/2026 07:29;04/09/2026 18:00;Média;3 days 13:29:00;DVR;UBS;SAUDE
11 922;CHAMADO MONITORAMENTO;Monitoramento;Novo;06/09/2026 11:38;06/09/2026 11:38;Média;NAO SOLUCIONADO;ALARME;NAO IDENTIFICADO;NAO IDENTIFICADO
11 899;CHAMADO MONITORAMENTO;Monitoramento;Solucionado;04/09/2026 09:26;02/09/2026 08:33;Média;2 days 00:53:00;CAMERA;ESCOLA;EDUCACAO
11 886;CHAMADO MONITORAMENTO;Monitoramento;Solucionado;02/09/2026 08:36;31/08/2026 13:40;Média;1 days 18:56:00;OUTROS;CMEI;EDUCACAO
11 781;CHAMADO MONITORAMENTO;Monitoramento;Solucionado;02/09/2026 08:34;18/08/2026 11:33;Média;14 days 21:01:00;CAMERA;GINASIO;ESPORTE E LAZER
11 887;CHAMADO MONITORAMENTO;Monitoramento;Solucionado;01/09/2026 10:07;31/08/2026 14:34;Média;0 days 19:33:00;CAMERA;NAO IDENTIFICADO;NAO IDENTIFICADO
11 867;CHAMADO MONITORAMENTO;Saúde;Novo;31/08/2026 13:39;28/08/2026 05:53;Média;NAO SOLUCIONADO;OUTROS;UBS;SAUDE
11 881;CHAMADO MONITORAMENTO;Monitoramento;Solucionado;31/08/2026 13:39;30/08/2026 16:24;Média;0 days 21:15:00;CAMERA;SAAE;SANEAMENTO
11 879;CHAMADO MONITORAMENTO;Monitoramento;Solucionado;31/08/2026 07:59;30/08/2026 05:46;Média;1 days 02:13:00;SPEED;ESCOLA;EDUCACAO
11 876;CHAMADO MONITORAMENTO;Monitoramento;Solucionado;31/08/2026 07:59;29/08/2026 23:37;Média;1 days 08:22:00;SPEED;NAO IDENTIFICADO;NAO IDENTIFICADO
11 875;CHAMADO MONITORAMENTO;Monitoramento;Solucionado;31/08/2026 07:59;29/08/2026 23:19;Média;1 days 08:40:00;CAMERA;NAO IDENTIFICADO;NAO IDENTIFICADO
11 864;CHAMADO MONITORAMENTO;Monitoramento;Solucionado;31/08/2026 07:58;27/08/2026 17:55;Média;3 days 14:03:00;CAMERA;NAO IDENTIFICADO;NAO IDENTIFICADO
11 848;CHAMADO MONITORAMENTO;Monitoramento;Solucionado;31/08/2026 07:22;26/08/2026 08:57;Média;4 days 22:25:00;OUTROS;SAAE;SANEAMENTO
11 854;CHAMADO MONITORAMENTO;Monitoramento;Solucionado;27/08/2026 09:24;27/08/2026 07:31;Média;0 days 01:53:00;OUTROS;NAO IDENTIFICADO;NAO IDENTIFICADO
11 847;CHAMADO MONITORAMENTO;Monitoramento;Solucionado;26/08/2026 09:42;26/08/2026 07:39;Média;0 days 02:03:00;OUTROS;ESCOLA;EDUCACAO
11 836;CHAMADO MONITORAMENTO;Monitoramento;Solucionado;26/08/2026 09:01;25/08/2026 13:18;Média;0 days 19:43:00;CAMERA;NAO IDENTIFICADO;NAO IDENTIFICADO
11 845;CHAMADO MONITORAMENTO;Monitoramento;Solucionado;26/08/2026 09:01;26/08/2026 05:47;Média;0 days 03:14:00;SPEED;NAO IDENTIFICADO;NAO IDENTIFICADO
11 843;CHAMADO MONITORAMENTO;Monitoramento;Solucionado;26/08/2026 09:00;25/08/2026 23:20;Média;0 days 09:40:00;CAMERA;NAO IDENTIFICADO;NAO IDENTIFICADO
11 838;CHAMADO MONITORAMENTO;Monitoramento;Solucionado;26/08/2026 09:00;25/08/2026 13:38;Média;0 days 19:22:00;CAMERA;NAO IDENTIFICADO;NAO IDENTIFICADO
11 837;CHAMADO MONITORAMENTO;Monitoramento;Solucionado;26/08/2026 08:57;25/08/2026 13:22;Média;0 days 19:35:00;CAMERA;NAO IDENTIFICADO;NAO IDENTIFICADO
11 834;CHAMADO MONITORAMENTO;Monitoramento;Solucionado;26/08/2026 08:56;25/08/2026 11:55;Média;0 days 21:01:00;CAMERA;NAO IDENTIFICADO;NAO IDENTIFICADO
11 846;CHAMADO MONITORAMENTO;Monitoramento;Solucionado;26/08/2026 08:56;26/08/2026 07:03;Média;0 days 01:53:00;OUTROS;NAO IDENTIFICADO;NAO IDENTIFICADO
11 839;CHAMADO MONITORAMENTO;Monitoramento;Solucionado;26/08/2026 08:52;25/08/2026 14:44;Média;0 days 18:08:00;CAMERA;SAAE;SANEAMENTO
11 835;CHAMADO MONITORAMENTO;Monitoramento;Solucionado;26/08/2026 07:28;25/08/2026 11:57;Média;0 days 19:31:00;CAMERA;CMEI;EDUCACAO
11 840;CHAMADO MONITORAMENTO;Monitoramento;Solucionado;25/08/2026 15:49;25/08/2026 15:01;Média;0 days 00:48:00;OUTROS;NAO IDENTIFICADO;NAO IDENTIFICADO
11 833;CHAMADO MONITORAMENTO;Monitoramento;Solucionado;25/08/2026 15:07;25/08/2026 11:54;Média;0 days 03:13:00;DVR;ESCOLA;EDUCACAO
11 809;CHAMADO MONITORAMENTO;Monitoramento;Solucionado;25/08/2026 11:53;21/08/2026 18:07;Média;3 days 17:46:00;CAMERA;NAO IDENTIFICADO;NAO IDENTIFICADO
11 822;CHAMADO MONITORAMENTO;Monitoramento;Solucionado;24/08/2026 07:45;24/08/2026 00:00;Média;0 days 07:45:00;CAMERA;NAO IDENTIFICADO;NAO IDENTIFICADO
11 821;CHAMADO MONITORAMENTO;Monitoramento;Solucionado;24/08/2026 07:45;23/08/2026 23:53;Média;0 days 07:52:00;CAMERA;NAO IDENTIFICADO;NAO IDENTIFICADO
11 818;CHAMADO MONITORAMENTO;Monitoramento;Solucionado;24/08/2026 07:44;23/08/2026 17:26;Média;0 days 14:18:00;CAMERA;NAO IDENTIFICADO;NAO IDENTIFICADO
11 815;CHAMADO MONITORAMENTO;Monitoramento;Solucionado;24/08/2026 07:44;22/08/2026 23:49;Média;1 days 07:55:00;CAMERA;NAO IDENTIFICADO;NAO IDENTIFICADO
11 808;CHAMADO MONITORAMENTO;Monitoramento;Solucionado;24/08/2026 07:25;21/08/2026 18:04;Média;2 days 13:21:00;CAMERA;NAO IDENTIFICADO;NAO IDENTIFICADO
11 750;CHAMADO MONITORAMENTO;Monitoramento;Solucionado;20/08/2026 13:46;14/08/2026 07:52;Média;6 days 05:54:00;CAMERA;SAAE;SANEAMENTO
11 794;CHAMADO MONITORAMENTO;Monitoramento;Solucionado;20/08/2026 13:19;19/08/2026 23:24;Média;0 days 13:55:00;SPEED;NAO IDENTIFICADO;NAO IDENTIFICADO
11 796;CHAMADO MONITORAMENTO;Monitoramento;Solucionado;20/08/2026 13:18;20/08/2026 05:52;Média;0 days 07:26:00;SPEED;NAO IDENTIFICADO;NAO IDENTIFICADO
11 798;CHAMADO MONITORAMENTO;Monitoramento;Solucionado;20/08/2026 12:58;20/08/2026 10:24;Média;0 days 02:34:00;OUTROS;NAO IDENTIFICADO;NAO IDENTIFICADO
11 790;CHAMADO MONITORAMENTO;Monitoramento;Solucionado;20/08/2026 10:31;19/08/2026 07:59;Média;1 days 02:32:00;CAMERA;NAO IDENTIFICADO;NAO IDENTIFICADO
11 797;CHAMADO MONITORAMENTO;Monitoramento;Solucionado;20/08/2026 10:29;20/08/2026 10:24;Média;0 days 00:05:00;OUTROS;UBS;SAUDE
11 786;CHAMADO MONITORAMENTO;Monitoramento;Solucionado;19/08/2026 09:48;18/08/2026 23:00;Média;0 days 10:48:00;CAMERA;NAO IDENTIFICADO;NAO IDENTIFICADO
11 789;CHAMADO MONITORAMENTO;Monitoramento;Solucionado;19/08/2026 09:47;19/08/2026 07:59;Média;0 days 01:48:00;CAMERA;NAO IDENTIFICADO;NAO IDENTIFICADO
11 768;CHAMADO MONITORAMENTO;Monitoramento;Solucionado;19/08/2026 08:20;17/08/2026 11:38;Média;1 days 20:42:00;DVR;SAAE;SANEAMENTO
11 759;CHAMADO MONITORAMENTO;Monitoramento;Solucionado;19/08/2026 07:57;15/08/2026 18:03;Média;3 days 13:54:00;DVR;UBS;SAUDE
11 785;CHAMADO MONITORAMENTO;Monitoramento;Solucionado;19/08/2026 07:56;18/08/2026 17:53;Média;0 days 14:03:00;DVR;SAAE;SANEAMENTO
11 773;CHAMADO MONITORAMENTO;Monitoramento;Solucionado;19/08/2026 07:55;17/08/2026 22:45;Média;1 days 09:10:00;OUTROS;ESCOLA;EDUCACAO
11 772;CHAMADO MONITORAMENTO;Monitoramento;Solucionado;19/08/2026 07:55;17/08/2026 17:59;Média;1 days 13:56:00;OUTROS;CMEI;EDUCACAO
11 767;CHAMADO MONITORAMENTO;Monitoramento;Solucionado;19/08/2026 07:54;17/08/2026 11:36;Média;1 days 20:18:00;CAMERA;NAO IDENTIFICADO;NAO IDENTIFICADO
11 751;CHAMADO MONITORAMENTO;Monitoramento;Solucionado;18/08/2026 09:18;14/08/2026 07:53;Média;4 days 01:25:00;OUTROS;UBS;SAUDE
11 749;CHAMADO MONITORAMENTO;Monitoramento;Solucionado;18/08/2026 09:16;14/08/2026 07:51;Média;4 days 01:25:00;OUTROS;NAO IDENTIFICADO;NAO IDENTIFICADO
11 748;CHAMADO MONITORAMENTO;Monitoramento;Solucionado;14/08/2026 11:42;14/08/2026 07:51;Média;0 days 03:51:00;OUTROS;NAO IDENTIFICADO;NAO IDENTIFICADO
11 743;CHAMADO MONITORAMENTO;Monitoramento;Solucionado;14/08/2026 08:01;13/08/2026 17:55;Média;0 days 14:06:00;DVR;NAO IDENTIFICADO;NAO IDENTIFICADO
11 745;CHAMADO MONITORAMENTO;Monitoramento;Solucionado;14/08/2026 07:55;13/08/2026 23:28;Média;0 days 08:27:00;DVR;ESCOLA;EDUCACAO
11 734;CHAMADO MONITORAMENTO;Monitoramento;Solucionado;14/08/2026 07:55;12/08/2026 16:21;Média;1 days 15:34:00;OUTROS;NAO IDENTIFICADO;NAO IDENTIFICADO
11 736;CHAMADO MONITORAMENTO;Monitoramento;Solucionado;14/08/2026 07:54;12/08/2026 16:43;Média;1 days 15:11:00;OUTROS;UBS;SAUDE
11 737;CHAMADO MONITORAMENTO;Monitoramento;Solucionado;14/08/2026 07:54;12/08/2026 16:46;Média;1 days 15:08:00;OUTROS;NAO IDENTIFICADO;NAO IDENTIFICADO
11 722;CHAMADO MONITORAMENTO;Monitoramento;Solucionado;13/08/2026 10:05;11/08/2026 07:42;Média;2 days 02:23:00;CAMERA;UBS;SAUDE
11 720;CHAMADO MONITORAMENTO;Monitoramento;Solucionado;13/08/2026 10:03;11/08/2026 07:20;Média;2 days 02:43:00;CAMERA;NAO IDENTIFICADO;NAO IDENTIFICADO
11 711;CHAMADO MONITORAMENTO;Monitoramento;Solucionado;10/08/2026 09:16;10/08/2026 08:09;Média;0 days 01:07:00;OUTROS;CMEI;EDUCACAO
11 702;CHAMADO MONITORAMENTO;Monitoramento;Solucionado;10/08/2026 08:54;08/08/2026 14:06;Média;1 days 18:48:00;CAMERA;GARAGEM;SERVICOS URBANOS
11 696;CHAMADO MONITORAMENTO;Monitoramento;Solucionado;10/08/2026 08:05;07/08/2026 09:52;Média;2 days 22:13:00;DVR;CMEI;EDUCACAO
11 694;CHAMADO MONITORAMENTO;Monitoramento;Solucionado;07/08/2026 09:58;07/08/2026 07:23;Média;0 days 02:35:00;CAMERA;NAO IDENTIFICADO;NAO IDENTIFICADO
11 693;CHAMADO MONITORAMENTO;Monitoramento;Solucionado;07/08/2026 09:57;07/08/2026 07:22;Média;0 days 02:35:00;CAMERA;NAO IDENTIFICADO;NAO IDENTIFICADO
11 692;CHAMADO MONITORAMENTO;Monitoramento;Solucionado;07/08/2026 07:28;07/08/2026 07:21;Média;0 days 00:07:00;CAMERA;NAO IDENTIFICADO;NAO IDENTIFICADO
11 686;CHAMADO MONITORAMENTO;Monitoramento;Solucionado;06/08/2026 15:20;06/08/2026 07:32;Média;0 days 07:48:00;OUTROS;UBS;SAUDE
11 672;CHAMADO MONITORAMENTO;Monitoramento;Solucionado;06/08/2026 09:18;04/08/2026 17:50;Média;1 days 15:28:00;CAMERA;NAO IDENTIFICADO;NAO IDENTIFICADO
11 663;CHAMADO MONITORAMENTO;Monitoramento;Solucionado;04/08/2026 09:07;04/08/2026 07:45;Média;0 days 01:22:00;NVR;NAO IDENTIFICADO;NAO IDENTIFICADO
11 662;CHAMADO MONITORAMENTO;Monitoramento;Solucionado;04/08/2026 08:32;04/08/2026 07:44;Média;0 days 00:48:00;NVR;NAO IDENTIFICADO;NAO IDENTIFICADO
11 649;CHAMADO MONITORAMENTO;Monitoramento;Solucionado;04/08/2026 08:05;03/08/2026 07:22;Média;1 days 00:43:00;OUTROS;NAO IDENTIFICADO;NAO IDENTIFICADO
11 650;CHAMADO MONITORAMENTO;Monitoramento;Solucionado;04/08/2026 08:03;03/08/2026 07:22;Média;1 days 00:41:00;OUTROS;GINASIO;ESPORTE E LAZER
11 654;CHAMADO MONITORAMENTO;Monitoramento;Solucionado;04/08/2026 07:43;03/08/2026 10:35;Média;0 days 21:08:00;DVR;NAO IDENTIFICADO;NAO IDENTIFICADO
11 622;CHAMADO MONITORAMENTO;Monitoramento;Solucionado;31/07/2026 15:25;30/07/2026 23:56;Média;0 days 15:29:00;CAMERA;NAO IDENTIFICADO;NAO IDENTIFICADO
11 627;CHAMADO MONITORAMENTO;Monitoramento;Solucionado;31/07/2026 15:23;31/07/2026 07:24;Média;0 days 07:59:00;CAMERA;CMEI;EDUCACAO
11 628;CHAMADO MONITORAMENTO;Monitoramento;Solucionado;31/07/2026 15:23;31/07/2026 07:27;Média;0 days 07:56:00;CAMERA;NAO IDENTIFICADO;NAO IDENTIFICADO
11 630;CHAMADO MONITORAMENTO;Monitoramento;Solucionado;31/07/2026 15:22;31/07/2026 07:56;Média;0 days 07:26:00;CAMERA;UBS;SAUDE
11 625;CHAMADO MONITORAMENTO;Monitoramento;Solucionado;31/07/2026 15:22;31/07/2026 07:21;Média;0 days 08:01:00;CAMERA;ESCOLA;EDUCACAO
11 615;CHAMADO MONITORAMENTO;Monitoramento;Solucionado;31/07/2026 08:28;30/07/2026 06:00;Média;1 days 02:28:00;CAMERA;NAO IDENTIFICADO;NAO IDENTIFICADO
11 604;CHAMADO MONITORAMENTO;Monitoramento;Solucionado;31/07/2026 07:52;28/07/2026 07:29;Média;3 days 00:23:00;OUTROS;SAAE;SANEAMENTO
11 603;CHAMADO MONITORAMENTO;Monitoramento;Solucionado;31/07/2026 07:51;28/07/2026 07:28;Média;3 days 00:23:00;OUTROS;SAAE;SANEAMENTO
11 626;CHAMADO MONITORAMENTO;Monitoramento;Solucionado;31/07/2026 07:41;31/07/2026 07:23;Média;0 days 00:18:00;SPEED;UBS;SAUDE
11 621;CHAMADO MONITORAMENTO;Monitoramento;Solucionado;31/07/2026 07:21;30/07/2026 17:41;Média;0 days 13:40:00;OUTROS;UBS;SAUDE
11 599;CHAMADO MONITORAMENTO;Monitoramento;Solucionado;31/07/2026 07:14;27/07/2026 13:36;Média;3 days 17:38:00;OUTROS;NAO IDENTIFICADO;NAO IDENTIFICADO
11 589;CHAMADO MONITORAMENTO;Monitoramento;Solucionado;31/07/2026 07:14;25/07/2026 15:10;Média;5 days 16:04:00;OUTROS;NAO IDENTIFICADO;NAO IDENTIFICADO
11 609;CHAMADO MONITORAMENTO;Monitoramento;Solucionado;29/07/2026 08:24;29/07/2026 07:26;Média;0 days 00:58:00;OUTROS;NAO IDENTIFICADO;NAO IDENTIFICADO
11 607;CHAMADO MONITORAMENTO;Monitoramento;Solucionado;29/07/2026 07:50;28/07/2026 23:29;Média;0 days 08:21:00;OUTROS;NAO IDENTIFICADO;NAO IDENTIFICADO
11 581;CHAMADO MONITORAMENTO;Saúde;Novo;28/07/2026 07:21;23/07/2026 23:24;Média;NAO SOLUCIONADO;CAMERA;UBS;SAUDE
11 588;CHAMADO MONITORAMENTO;Saúde;Novo;28/07/2026 07:21;25/07/2026 13:02;Média;NAO SOLUCIONADO;OUTROS;UBS;SAUDE
11 590;CHAMADO MONITORAMENTO;Saúde;Novo;28/07/2026 07:21;25/07/2026 16:26;Média;NAO SOLUCIONADO;CAMERA;NAO IDENTIFICADO;NAO IDENTIFICADO
11 578;CHAMADO MONITORAMENTO;Monitoramento;Solucionado;24/07/2026 11:59;23/07/2026 07:45;Média;1 days 04:14:00;OUTROS;NAO IDENTIFICADO;NAO IDENTIFICADO
11 579;CHAMADO MONITORAMENTO;Monitoramento;Solucionado;24/07/2026 11:58;23/07/2026 07:45;Média;1 days 04:13:00;OUTROS;NAO IDENTIFICADO;NAO IDENTIFICADO
11 574;CHAMADO MONITORAMENTO;Monitoramento;Solucionado;23/07/2026 10:05;23/07/2026 07:36;Média;0 days 02:29:00;OUTROS;NAO IDENTIFICADO;NAO IDENTIFICADO
11 576;CHAMADO MONITORAMENTO;Monitoramento;Solucionado;23/07/2026 10:02;23/07/2026 07:36;Média;0 days 02:26:00;OUTROS;NAO IDENTIFICADO;NAO IDENTIFICADO
11 580;CHAMADO MONITORAMENTO;Monitoramento;Solucionado;23/07/2026 10:00;23/07/2026 07:45;Média;0 days 02:15:00;OUTROS;NAO IDENTIFICADO;NAO IDENTIFICADO
11 570;CHAMADO MONITORAMENTO;Monitoramento;Solucionado;21/07/2026 09:59;21/07/2026 09:45;Média;0 days 00:14:00;CAMERA;NAO IDENTIFICADO;NAO IDENTIFICADO
11 568;CHAMADO MONITORAMENTO;Saúde;Em atendimento (atribuído);21/07/2026 09:57;21/07/2026 09:43;Média;NAO SOLUCIONADO;NVR;NAO IDENTIFICADO;NAO IDENTIFICADO
11 569;CHAMADO MONITORAMENTO;Monitoramento;Solucionado;21/07/2026 09:53;21/07/2026 09:44;Média;0 days 00:09:00;CAMERA;AMBULATORIO;SAUDE
11 562;CHAMADO MONITORAMENTO;Monitoramento;Solucionado;20/07/2026 07:38;17/07/2026 12:27;Média;2 days 19:11:00;OUTROS;NAO IDENTIFICADO;NAO IDENTIFICADO
11 450;CHAMADO MONITORAMENTO;Monitoramento;Pendente;17/07/2026 11:46;25/06/2026 17:10;Média;NAO SOLUCIONADO;CAMERA;UBS;SAUDE
11 547;CHAMADO MONITORAMENTO;Monitoramento;Solucionado;17/07/2026 11:45;15/07/2026 12:35;Média;1 days 23:10:00;OUTROS;NAO IDENTIFICADO;NAO IDENTIFICADO
11 380;CHAMADO MONITORAMENTO;Monitoramento;Solucionado;17/07/2026 11:44;15/06/2026 21:08;Média;31 days 14:36:00;CAMERA;CMEI;EDUCACAO
11 289;CHAMADO MONITORAMENTO;Monitoramento;Solucionado;17/07/2026 11:44;30/05/2026 23:40;Média;47 days 12:04:00;CAMERA;ESCOLA;EDUCACAO
11 244;CHAMADO MONITORAMENTO;Monitoramento;Solucionado;17/07/2026 11:44;22/05/2026 23:51;Média;55 days 11:53:00;NVRCAMERA;ESCOLA;EDUCACAO
11 560;CHAMADO MONITORAMENTO;Monitoramento;Solucionado;17/07/2026 11:14;17/07/2026 11:12;Média;0 days 00:02:00;OUTROS;NAO IDENTIFICADO;NAO IDENTIFICADO
11 554;CHAMADO MONITORAMENTO;Monitoramento;Solucionado;17/07/2026 08:30;16/07/2026 17:39;Média;0 days 14:51:00;CAMERA;NAO IDENTIFICADO;NAO IDENTIFICADO
11 558;CHAMADO MONITORAMENTO;Monitoramento;Solucionado;17/07/2026 08:29;17/07/2026 07:52;Média;0 days 00:37:00;OUTROS;NAO IDENTIFICADO;NAO IDENTIFICADO
11 559;CHAMADO MONITORAMENTO;Monitoramento;Solucionado;17/07/2026 08:24;17/07/2026 08:20;Média;0 days 00:04:00;OUTROS;NAO IDENTIFICADO;NAO IDENTIFICADO
11 453;CHAMADO MONITORAMENTO;Monitoramento;Solucionado;16/07/2026 07:44;26/06/2026 11:18;Média;19 days 20:26:00;NVR;NAO IDENTIFICADO;NAO IDENTIFICADO
11 456;CHAMADO MONITORAMENTO;Monitoramento;Solucionado;16/07/2026 07:41;26/06/2026 18:01;Média;19 days 13:40:00;DVR;NAO IDENTIFICADO;NAO IDENTIFICADO
11 524;CHAMADO MONITORAMENTO;Monitoramento;Solucionado;16/07/2026 07:41;10/07/2026 11:40;Média;5 days 20:01:00;CAMERA;AMBULATORIO;SAUDE
11 548;CHAMADO MONITORAMENTO;Monitoramento;Solucionado;16/07/2026 07:38;15/07/2026 12:39;Média;0 days 18:59:00;OUTROS;NAO IDENTIFICADO;NAO IDENTIFICADO
11 460;CHAMADO MONITORAMENTO;Monitoramento;Solucionado;14/07/2026 08:06;27/06/2026 13:03;Média;16 days 19:03:00;CAMERA;CMEI;EDUCACAO
11 499;CHAMADO MONITORAMENTO;Saúde;Em atendimento (atribuído);14/07/2026 08:01;05/07/2026 05:52;Média;NAO SOLUCIONADO;CAMERA;NAO IDENTIFICADO;NAO IDENTIFICADO
11 504;CHAMADO MONITORAMENTO;Saúde;Em atendimento (atribuído);14/07/2026 08:01;06/07/2026 05:44;Média;NAO SOLUCIONADO;CAMERA;UBS;SAUDE
11 541;CHAMADO MONITORAMENTO;Saúde;Em atendimento (atribuído);14/07/2026 08:01;14/07/2026 08:00;Média;NAO SOLUCIONADO;CAMERA;UBS;SAUDE
11 531;CHAMADO MONITORAMENTO;Monitoramento;Solucionado;14/07/2026 07:16;12/07/2026 05:49;Média;2 days 01:27:00;OUTROS;NAO IDENTIFICADO;NAO IDENTIFICADO
11 511;CHAMADO MONITORAMENTO;Monitoramento;Solucionado;13/07/2026 08:09;07/07/2026 11:35;Média;5 days 20:34:00;CAMERA;NAO IDENTIFICADO;NAO IDENTIFICADO
11 507;CHAMADO MONITORAMENTO;Monitoramento;Solucionado;13/07/2026 08:08;06/07/2026 17:56;Média;6 days 14:12:00;CAMERA;NAO IDENTIFICADO;NAO IDENTIFICADO
11 495;CHAMADO MONITORAMENTO;Monitoramento;Solucionado;13/07/2026 08:04;04/07/2026 16:54;Média;8 days 15:10:00;OUTROS;SAAE;SANEAMENTO
11 494;CHAMADO MONITORAMENTO;Monitoramento;Solucionado;13/07/2026 08:03;04/07/2026 11:51;Média;8 days 20:12:00;DVR;NAO IDENTIFICADO;NAO IDENTIFICADO
11 468;CHAMADO MONITORAMENTO;Monitoramento;Solucionado;13/07/2026 08:01;28/06/2026 23:48;Média;14 days 08:13:00;SPEED;NAO IDENTIFICADO;NAO IDENTIFICADO
11 447;CHAMADO MONITORAMENTO;Monitoramento;Solucionado;13/07/2026 07:57;25/06/2026 06:45;Alta;18 days 01:12:00;OUTROS;NAO IDENTIFICADO;NAO IDENTIFICADO
11 337;CHAMADO MONITORAMENTO;Monitoramento;Solucionado;13/07/2026 07:55;08/06/2026 23:01;Média;34 days 08:54:00;DVR;NAO IDENTIFICADO;NAO IDENTIFICADO
11 376;CHAMADO MONITORAMENTO;Saúde;Em atendimento (atribuído);25/06/2026 08:31;15/06/2026 05:48;Média;NAO SOLUCIONADO;OUTROS;UBS;SAUDE
11 381;CHAMADO MONITORAMENTO;Monitoramento;Solucionado;25/06/2026 08:16;15/06/2026 21:17;Média;9 days 10:59:00;CAMERA;NAO IDENTIFICADO;NAO IDENTIFICADO
11 394;CHAMADO MONITORAMENTO;Monitoramento;Solucionado;25/06/2026 08:16;16/06/2026 17:58;Média;8 days 14:18:00;CAMERA;ESCOLA;EDUCACAO
11 401;CHAMADO MONITORAMENTO;Monitoramento;Solucionado;25/06/2026 08:16;17/06/2026 17:49;Média;7 days 14:27:00;OUTROS;NAO IDENTIFICADO;NAO IDENTIFICADO
11 405;CHAMADO MONITORAMENTO;Monitoramento;Solucionado;25/06/2026 08:15;18/06/2026 11:34;Média;6 days 20:41:00;CAMERA;NAO IDENTIFICADO;NAO IDENTIFICADO
11 409;CHAMADO MONITORAMENTO;Monitoramento;Solucionado;25/06/2026 08:15;18/06/2026 17:48;Média;6 days 14:27:00;DVR;CMEI;EDUCACAO
11 410;CHAMADO MONITORAMENTO;Monitoramento;Solucionado;25/06/2026 08:14;18/06/2026 17:55;Média;6 days 14:19:00;CAMERA;NAO IDENTIFICADO;NAO IDENTIFICADO
11 414;CHAMADO MONITORAMENTO;Monitoramento;Solucionado;25/06/2026 08:14;19/06/2026 14:41;Média;5 days 17:33:00;CAMERA;CEMITERIO;SERVICOS URBANOS
11 422;CHAMADO MONITORAMENTO;Monitoramento;Solucionado;25/06/2026 08:14;20/06/2026 23:01;Média;4 days 09:13:00;DVR;ESCOLA;EDUCACAO
11 421;CHAMADO MONITORAMENTO;Monitoramento;Solucionado;25/06/2026 08:14;20/06/2026 17:55;Média;4 days 14:19:00;DVR;NAO IDENTIFICADO;NAO IDENTIFICADO
11 426;CHAMADO MONITORAMENTO;Monitoramento;Solucionado;25/06/2026 08:13;21/06/2026 13:51;Média;3 days 18:22:00;OUTROS;NAO IDENTIFICADO;NAO IDENTIFICADO
11 428;CHAMADO MONITORAMENTO;Monitoramento;Solucionado;25/06/2026 08:13;21/06/2026 23:33;Média;3 days 08:40:00;CAMERA;NAO IDENTIFICADO;NAO IDENTIFICADO
11 435;CHAMADO MONITORAMENTO;Monitoramento;Solucionado;25/06/2026 08:12;22/06/2026 20:07;Média;2 days 12:05:00;OUTROS;NAO IDENTIFICADO;NAO IDENTIFICADO
11 416;CHAMADO MONITORAMENTO;Saúde;Em atendimento (atribuído);19/06/2026 21:17;19/06/2026 21:17;Média;NAO SOLUCIONADO;NVR;NAO IDENTIFICADO;NAO IDENTIFICADO
11 366;CHAMADO MONITORAMENTO;Monitoramento;Solucionado;17/06/2026 15:39;13/06/2026 16:59;Média;3 days 22:40:00;CAMERA;ESCOLA;EDUCACAO
11 271;CHAMADO MONITORAMENTO;Saúde;Em atendimento (atribuído);17/06/2026 15:38;28/05/2026 00:24;Média;NAO SOLUCIONADO;CAMERA;NAO IDENTIFICADO;NAO IDENTIFICADO
11 316;CHAMADO MONITORAMENTO;Monitoramento;Solucionado;17/06/2026 15:37;04/06/2026 18:30;Média;12 days 21:07:00;CAMERA;NAO IDENTIFICADO;NAO IDENTIFICADO
11 397;CHAMADO MONITORAMENTO;Monitoramento;Solucionado;17/06/2026 15:35;16/06/2026 23:24;Média;0 days 16:11:00;OUTROS;NAO IDENTIFICADO;NAO IDENTIFICADO
11 368;CHAMADO MONITORAMENTO;Monitoramento;Solucionado;17/06/2026 13:44;13/06/2026 23:19;Média;3 days 14:25:00;NVR;NAO IDENTIFICADO;NAO IDENTIFICADO
11 374;CHAMADO MONITORAMENTO;Monitoramento;Solucionado;17/06/2026 13:43;14/06/2026 22:58;Média;2 days 14:45:00;CAMERA;ESCOLA;EDUCACAO
11 391;CHAMADO MONITORAMENTO;Monitoramento;Solucionado;17/06/2026 13:43;16/06/2026 11:32;Média;1 days 02:11:00;CAMERA;NAO IDENTIFICADO;NAO IDENTIFICADO
11 392;CHAMADO MONITORAMENTO;Monitoramento;Solucionado;17/06/2026 13:42;16/06/2026 11:54;Média;1 days 01:48:00;DVR;CMEI;EDUCACAO
11 395;CHAMADO MONITORAMENTO;Monitoramento;Solucionado;17/06/2026 13:41;16/06/2026 23:13;Média;0 days 14:28:00;CAMERA;NAO IDENTIFICADO;NAO IDENTIFICADO
11 362;CHAMADO MONITORAMENTO;Monitoramento;Solucionado;16/06/2026 08:09;12/06/2026 18:01;Média;3 days 14:08:00;DVR;UBS;SAUDE
11 354;CHAMADO MONITORAMENTO;Monitoramento;Solucionado;16/06/2026 08:08;11/06/2026 11:58;Média;4 days 20:10:00;DVR;NAO IDENTIFICADO;NAO IDENTIFICADO
11 339;CHAMADO MONITORAMENTO;Monitoramento;Solucionado;16/06/2026 08:07;08/06/2026 23:51;Média;7 days 08:16:00;CAMERA;NAO IDENTIFICADO;NAO IDENTIFICADO
11 336;CHAMADO MONITORAMENTO;Monitoramento;Solucionado;16/06/2026 08:05;08/06/2026 17:59;Média;7 days 14:06:00;CAMERA;SAAE;SANEAMENTO
11 286;CHAMADO MONITORAMENTO;Monitoramento;Solucionado;16/06/2026 08:05;29/05/2026 22:56;Média;17 days 09:09:00;CAMERA;NAO IDENTIFICADO;NAO IDENTIFICADO
11 382;CHAMADO MONITORAMENTO;Saúde;Em atendimento (atribuído);15/06/2026 23:01;15/06/2026 23:01;Média;NAO SOLUCIONADO;CAMERA;UBS;SAUDE
11 326;CHAMADO MONITORAMENTO;Monitoramento;Solucionado;08/06/2026 07:47;06/06/2026 23:03;Média;1 days 08:44:00;CAMERA;NAO IDENTIFICADO;NAO IDENTIFICADO
11 317;CHAMADO MONITORAMENTO;Monitoramento;Solucionado;08/06/2026 07:46;04/06/2026 18:33;Média;3 days 13:13:00;OUTROS;NAO IDENTIFICADO;NAO IDENTIFICADO
11 284;CHAMADO MONITORAMENTO;Monitoramento;Solucionado;08/06/2026 07:34;29/05/2026 22:29;Média;9 days 09:05:00;CAMERA;ESCOLA;EDUCACAO
11 282;CHAMADO MONITORAMENTO;Monitoramento;Solucionado;08/06/2026 07:31;29/05/2026 17:55;Média;9 days 13:36:00;DVR;UBS;SAUDE
11 254;CHAMADO MONITORAMENTO;Monitoramento;Solucionado;08/06/2026 07:28;25/05/2026 14:36;Média;13 days 16:52:00;CAMERA;NAO IDENTIFICADO;NAO IDENTIFICADO
11 246;CHAMADO MONITORAMENTO;Monitoramento;Solucionado;08/06/2026 07:21;23/05/2026 05:48;Média;16 days 01:33:00;CAMERA;UBS;SAUDE
11 237;CHAMADO MONITORAMENTO;Monitoramento;Solucionado;08/06/2026 07:20;22/05/2026 05:48;Média;17 days 01:32:00;OUTROS;ESCOLA;EDUCACAO
11 234;CHAMADO MONITORAMENTO;Monitoramento;Solucionado;25/05/2026 13:58;21/05/2026 18:01;Média;3 days 19:57:00;CAMERA;NAO IDENTIFICADO;NAO IDENTIFICADO
11 232;CHAMADO MONITORAMENTO;Monitoramento;Solucionado;25/05/2026 13:57;21/05/2026 11:38;Média;4 days 02:19:00;CAMERA;NAO IDENTIFICADO;NAO IDENTIFICADO
11 195;CHAMADO MONITORAMENTO;Monitoramento;Solucionado;25/05/2026 07:41;16/05/2026 22:38;Média;8 days 09:03:00;CAMERA;NAO IDENTIFICADO;NAO IDENTIFICADO
11 193;CHAMADO MONITORAMENTO;Monitoramento;Solucionado;19/05/2026 13:58;16/05/2026 13:46;Média;3 days 00:12:00;CAMERA;ESCOLA;EDUCACAO
11 203;CHAMADO MONITORAMENTO;Monitoramento;Solucionado;19/05/2026 13:57;17/05/2026 23:36;Média;1 days 14:21:00;CAMERA;NAO IDENTIFICADO;NAO IDENTIFICADO
11 190;CHAMADO MONITORAMENTO;Monitoramento;Solucionado;19/05/2026 07:22;15/05/2026 23:21;Média;3 days 08:01:00;CAMERA;NAO IDENTIFICADO;NAO IDENTIFICADO
11 204;CHAMADO MONITORAMENTO;Monitoramento;Solucionado;18/05/2026 07:50;17/05/2026 23:59;Média;0 days 07:51:00;CAMERA;NAO IDENTIFICADO;NAO IDENTIFICADO
11 170;CHAMADO MONITORAMENTO;Monitoramento;Solucionado;18/05/2026 07:19;13/05/2026 11:40;Média;4 days 19:39:00;CAMERA;NAO IDENTIFICADO;NAO IDENTIFICADO
11 187;CHAMADO MONITORAMENTO;Monitoramento;Solucionado;18/05/2026 07:18;15/05/2026 20:39;Média;2 days 10:39:00;OUTROS;NAO IDENTIFICADO;NAO IDENTIFICADO
11 182;CHAMADO MONITORAMENTO;Monitoramento;Solucionado;15/05/2026 11:23;15/05/2026 05:39;Média;0 days 05:44:00;OUTROS;UBS;SAUDE
11 173;CHAMADO MONITORAMENTO;Monitoramento;Solucionado;15/05/2026 11:22;13/05/2026 22:15;Média;1 days 13:07:00;CAMERA;AMBULATORIO;SAUDE
11 150;CHAMADO MONITORAMENTO;Monitoramento;Solucionado;15/05/2026 11:22;10/05/2026 21:39;Média;4 days 13:43:00;CAMERA;ESCOLA;EDUCACAO
11 139;CHAMADO MONITORAMENTO;Monitoramento;Solucionado;15/05/2026 11:22;08/05/2026 23:38;Média;6 days 11:44:00;CAMERA;NAO IDENTIFICADO;NAO IDENTIFICADO
11 174;CHAMADO MONITORAMENTO;Monitoramento;Solucionado;14/05/2026 07:15;13/05/2026 22:16;Média;0 days 08:59:00;DVR;AMBULATORIO;SAUDE
11 175;CHAMADO MONITORAMENTO;Monitoramento;Solucionado;14/05/2026 07:15;13/05/2026 22:17;Média;0 days 08:58:00;NVR;NAO IDENTIFICADO;NAO IDENTIFICADO
11 021;CHAMADO MONITORAMENTO;Saúde;Em atendimento (atribuído);27/04/2026 07:19;26/04/2026 12:33;Média;NAO SOLUCIONADO;CAMERA;UBS;SAUDE
11 023;CHAMADO MONITORAMENTO;Saúde;Em atendimento (atribuído);27/04/2026 07:19;26/04/2026 20:58;Média;NAO SOLUCIONADO;CAMERA;UBS;SAUDE
10 985;CHAMADO MONITORAMENTO;Saúde;Em atendimento (atribuído);22/04/2026 15:58;22/04/2026 14:04;Média;NAO SOLUCIONADO;CAMERA;UBS;SAUDE
10 855;CHAMADO MONITORAMENTO;Saúde;Em atendimento (atribuído);07/04/2026 07:39;02/04/2026 23:27;Média;NAO SOLUCIONADO;CAMERA;NAO IDENTIFICADO;NAO IDENTIFICADO
10 875;CHAMADO MONITORAMENTO;Saúde;Em atendimento (atribuído);07/04/2026 07:39;06/04/2026 16:25;Média;NAO SOLUCIONADO;CAMERA;NAO IDENTIFICADO;NAO IDENTIFICADO
10 754;CHAMADO MONITORAMENTO;Saúde;Em atendimento (atribuído);23/03/2026 08:41;21/03/2026 23:40;Média;NAO SOLUCIONADO;CAMERA;UBS;SAUDE
10 758;CHAMADO MONITORAMENTO;Saúde;Em atendimento (atribuído);23/03/2026 08:41;22/03/2026 11:13;Média;NAO SOLUCIONADO;CAMERA;UBS;SAUDE
10 731;CHAMADO MONITORAMENTO;Saúde;Em atendimento (atribuído);20/03/2026 07:18;19/03/2026 22:49;Média;NAO SOLUCIONADO;CAMERA;UBS;SAUDE
10 661;CHAMADO MONITORAMENTO;Saúde;Em atendimento (atribuído);12/03/2026 07:15;11/03/2026 23:40;Média;NAO SOLUCIONADO;CAMERA;NAO IDENTIFICADO;NAO IDENTIFICADO
10 561;CHAMADO MONITORAMENTO;Saúde;Em atendimento (atribuído);02/03/2026 08:11;27/02/2026 11:51;Média;NAO SOLUCIONADO;DVR;NAO IDENTIFICADO;NAO IDENTIFICADO
10 531;CHAMADO MONITORAMENTO;Saúde;Em atendimento (atribuído);24/02/2026 07:36;23/02/2026 17:23;Média;NAO SOLUCIONADO;CAMERA;AMBULATORIO;SAUDE
10 412;CHAMADO MONITORAMENTO;Saúde;Em atendimento (atribuído);09/02/2026 10:45;06/02/2026 18:16;Média;NAO SOLUCIONADO;ALARME;NAO IDENTIFICADO;NAO IDENTIFICADO
10 353;CHAMADO MONITORAMENTO;Saúde;Em atendimento (atribuído);02/02/2026 09:53;31/01/2026 17:43;Média;NAO SOLUCIONADO;OUTROS;NAO IDENTIFICADO;NAO IDENTIFICADO
10 294;CHAMADO MONITORAMENTO;Saúde;Em atendimento (atribuído);28/01/2026 07:32;27/01/2026 07:37;Média;NAO SOLUCIONADO;DVR;UBS;SAUDE
10 295;CHAMADO MONITORAMENTO;Saúde;Em atendimento (atribuído);28/01/2026 07:32;27/01/2026 07:39;Média;NAO SOLUCIONADO;CAMERA;NAO IDENTIFICADO;NAO IDENTIFICADO
10 296;CHAMADO MONITORAMENTO;Saúde;Em atendimento (atribuído);28/01/2026 07:32;27/01/2026 07:41;Média;NAO SOLUCIONADO;CAMERA;UBS;SAUDE
10 297;CHAMADO MONITORAMENTO;Saúde;Em atendimento (atribuído);28/01/2026 07:32;27/01/2026 07:42;Média;NAO SOLUCIONADO;CAMERA;UBS;SAUDE
10 298;CHAMADO MONITORAMENTO;Saúde;Em atendimento (atribuído);28/01/2026 07:32;27/01/2026 07:42;Média;NAO SOLUCIONADO;CAMERA;UBS;SAUDE
10 299;CHAMADO MONITORAMENTO;Saúde;Em atendimento (atribuído);28/01/2026 07:32;27/01/2026 07:44;Média;NAO SOLUCIONADO;CAMERA;UBS;SAUDE
10 300;CHAMADO MONITORAMENTO;Saúde;Em atendimento (atribuído);28/01/2026 07:32;27/01/2026 07:45;Média;NAO SOLUCIONADO;CAMERA;AMBULATORIO;SAUDE
10 301;CHAMADO MONITORAMENTO;Saúde;Em atendimento (atribuído);28/01/2026 07:32;27/01/2026 07:46;Média;NAO SOLUCIONADO;CAMERA;NAO IDENTIFICADO;NAO IDENTIFICADO
10 302;CHAMADO MONITORAMENTO;Saúde;Em atendimento (atribuído);28/01/2026 07:32;27/01/2026 07:49;Média;NAO SOLUCIONADO;CAMERA;UBS;SAUDE
10 003;CHAMADO MONITORAMENTO;Saúde;Em atendimento (atribuído);06/01/2026 08:12;11/12/2025 23:49;Média;NAO SOLUCIONADO;CAMERA;UBS;SAUDE
10 082;CHAMADO MONITORAMENTO;Saúde;Em atendimento (atribuído);06/01/2026 08:12;25/12/2025 02:16;Média;NAO SOLUCIONADO;CAMERA;NAO IDENTIFICADO;NAO IDENTIFICADO
10 087;CHAMADO MONITORAMENTO;Saúde;Em atendimento (atribuído);06/01/2026 08:12;25/12/2025 23:12;Média;NAO SOLUCIONADO;CAMERA;UBS;SAUDE
10 118;CHAMADO MONITORAMENTO;Saúde;Em atendimento (atribuído);06/01/2026 08:12;01/01/2026 23:39;Média;NAO SOLUCIONADO;NVR;UBS;SAUDE
10 024;CHAMADO MONITORAMENTO;Saúde;Em atendimento (atribuído);22/12/2025 07:25;14/12/2025 23:02;Média;NAO SOLUCIONADO;DVR;UBS;SAUDE
9 969;CHAMADO MONITORAMENTO;Saúde;Em atendimento (atribuído);08/12/2025 07:18;07/12/2025 15:00;Média;NAO SOLUCIONADO;CAMERA;AMBULATORIO;SAUDE
